,City_Name,Country_Code,Latitude,Longitude,Temperature_(F),Humidity_(%),Cloudiness_(%),Wind_Speed_(mph)
0,ushuaia,ar,-54.8,-68.3,42.8,87,75,17.22
1,pochutla,mx,10.54,-96.78,,,,
2,rikitea,pf,-23.12,-134.97,75.78,100,88,12.77
3,hermanus,za,-34.42,19.23,50.04,98,0,2.1
4,lebu,cl,-37.62,-73.65,54.22,93,0,18.59
5,punta arenas,cl,-53.15,-70.92,48.2,76,75,4.7
6,kirakira,sb,-10.45,161.92,79.42,100,92,12.1
7,puerto escondido,mx,15.85,-97.07,77,78,8,5.91
8,narsaq,gl,60.92,-46.05,30.2,80,92,8.05
9,tekax,mx,19.97,-89.44,,,,
10,aqtobe,kz,50.28,57.21,14,92,90,2.24
11,busselton,au,-33.65,115.33,74.92,76,0,14.18
12,tynda,ru,55.17,124.72,-15.53,64,8,4.38
13,hobart,au,-42.88,147.33,57.2,71,75,19.46
14,umm lajj,sa,25.02,37.27,66.46,100,0,13.78
15,johnstown,us,40.33,-78.92,31.98,80,1,2.26
16,codrington,ag,25.63,-53.47,,,,
17,berlevag,no,70.86,29.09,28.3,100,24,24.14
18,new norfolk,au,-42.78,147.06,57.2,71,75,19.46
19,taltal,cl,-25.4,-70.48,52.24,89,36,1.88
20,taolanaro,mg,-46.92,51.94,,,,
21,avarua,ck,-21.21,-159.78,77,73,75,12.75
22,belushya guba,ru,72.78,47.38,,,,
23,ulverstone,au,-41.15,146.17,61.15,75,92,9.04
24,albany,au,-35.02,117.89,72.54,54,0,12.84
25,upernavik,gl,72.79,-56.15,29.56,94,0,16.69
26,lavrentiya,ru,65.58,-171.0,32.22,97,92,30.96
27,aberdeen,us,45.46,-98.49,23,79,1,5.82
28,chokurdakh,ru,70.63,147.92,1.08,82,80,6.62
29,flin flon,ca,54.77,-101.86,18.54,77,12,4.5
30,sentyabrskiy,ru,34.18,156.3,,,,
31,bjornevatn,no,69.67,29.98,26.6,86,88,17.22
32,hambantota,lk,6.12,81.12,74.43,100,80,4.72
33,chuy,uy,-33.7,-53.46,63.76,87,0,15.41
34,rochegda,ru,62.8,43.25,29.29,89,92,15.97
35,siniscola,it,40.57,9.69,46.4,87,40,3.36
36,kyshtovka,ru,56.55,76.63,9.63,85,76,2.77
37,tsihombe,mg,-46.14,47.17,,,,
38,arraial do cabo,br,-22.97,-42.03,70.96,100,92,6.35
39,sochi,ru,43.6,39.73,37.4,86,0,2.24
40,vaini,to,-21.2,-175.2,82.4,78,90,4.7
41,turukhansk,ru,65.82,87.98,9.49,77,92,11.83
42,butaritari,ki,3.07,172.79,83.34,100,88,12.66
43,sorvag,fo,63.35,-9.64,,,,
44,port alfred,za,-33.59,26.89,68.22,100,92,11.16
45,zlatoustovsk,ru,53.2,133.85,,,,
46,piranhas,br,-16.43,-51.82,68.4,97,92,3.6
47,yar-sale,ru,66.83,70.83,11.47,78,24,10.87
48,qaanaaq,gl,77.48,-69.36,2.52,93,64,3.27
49,porto nacional,br,-10.71,-48.42,71.6,100,40,6.93
50,illoqqortoormiut,gl,86.15,-7.83,,,,
51,castro,cl,-42.47,-73.77,50.04,76,0,8.37
52,yellowknife,ca,62.46,-114.35,-2.21,84,90,4.7
53,dikson,ru,73.51,80.55,26.95,100,92,18.21
54,muros,es,42.78,-9.06,35.6,100,20,2.24
55,tumannyy,ru,86.98,39.7,,,,
56,nizhneyansk,ru,76.18,137.78,,,,
57,kavieng,pg,-2.57,150.8,83.79,100,64,8.63
58,lompoc,us,34.64,-120.46,52.75,93,1,6.29
59,chachapoyas,pe,-6.23,-77.87,58,86,20,1.99
60,bilibino,ru,68.05,166.44,1.21,77,76,5.5
61,barrow,us,71.29,-156.79,3.2,84,90,11.41
62,attawapiskat,ca,62.54,-84.0,,,,
63,batagay,ru,67.63,134.63,-29.84,0,64,4.23
64,martos,es,37.72,-3.97,37.4,64,0,11.41
65,bengkulu,id,-3.8,102.27,79.24,100,80,6.13
66,kuruman,za,-27.45,23.43,60.57,80,92,8.3
67,atar,mr,20.52,-13.05,59.85,44,8,3.89
68,santa eulalia del rio,es,37.79,2.03,,,,
69,kavaratti,in,10.57,72.64,79.24,100,100,49.86
70,talnakh,ru,69.49,88.4,3.46,83,88,6.85
71,portland,au,-38.33,141.6,60.16,100,56,22.24
72,kerch,ua,45.36,36.48,49.23,86,8,13.44
73,mar del plata,ar,-38.0,-57.56,62.6,93,64,6.93
74,coquimbo,cl,-29.95,-71.34,57.2,87,90,3.36
75,bredasdorp,za,-34.53,20.04,55.4,93,24,7.63
76,christchurch,nz,-43.53,172.63,82.4,30,0,13.87
77,ambulu,id,-12.88,112.92,,,,
78,jamestown,sh,-15.94,-5.72,67.72,100,80,14.34
79,buraydah,sa,26.33,43.98,53.6,100,75,6.93
80,cabo san lucas,mx,22.89,-109.91,72.57,78,75,2.24
81,barkhan,pk,29.9,69.53,36,75,0,1.77
82,esperance,au,-33.87,121.9,71.19,76,0,5.5
83,victoria,sc,-4.62,55.45,80.6,78,40,4.7
84,east london,za,-33.02,27.91,70.2,100,88,11.77
85,souillac,mu,-20.52,57.52,75.2,88,75,3.36
86,kununurra,au,-15.77,128.73,95,47,36,6.93
87,lysva,ru,58.11,57.81,15.7,85,68,6.4
88,sao joao da barra,br,-21.64,-41.05,71.64,100,100,8.37
89,ust-kuyga,ru,70.02,135.6,-9.86,68,68,3.04
90,bluff,nz,-46.6,168.33,66.42,78,48,22.17
91,nushki,pk,29.55,66.02,36.27,73,0,1.99
92,mataura,pf,-82.74,-161.59,,,,
93,wanning,cn,18.8,110.4,72.9,100,100,26.64
94,buin,pg,-6.42,156.39,,,,
95,tiksi,ru,71.69,128.87,-5.63,70,88,4.27
96,pevek,ru,69.7,170.31,7.06,92,0,14.79
97,samalaeulu,ws,-1.53,-165.95,,,,
98,muroto,jp,33.28,134.15,55.4,30,20,6.93
99,havoysund,no,71.0,24.66,37.4,100,40,27.51
100,atuona,pf,-9.8,-139.03,81.45,97,0,21.05
101,barretos,br,-20.56,-48.57,66.6,100,92,5.35
102,mys shmidta,ru,89.96,-175.83,,,,
103,pontes e lacerda,br,-15.23,-59.34,77.85,82,36,3.83
104,oistins,bb,13.07,-59.53,78.8,83,40,14.99
105,lebedinyy,ru,58.52,125.52,-19.99,27,44,6.35
106,saleaula,ws,-5.21,-168.41,,,,
107,westport,ie,53.8,-9.52,45.45,99,88,8.3
108,ogdensburg,us,44.69,-75.49,36.37,91,90,2.55
109,vaitupu,wf,-9.73,-176.95,,,,
110,hasaki,jp,35.73,140.83,47.73,57,40,10.29
111,vestmannaeyjar,is,63.44,-20.27,42.39,87,0,24.74
112,faanui,pf,-16.48,-151.75,82.12,98,88,18.66
113,nong chik,th,6.84,101.18,77.17,100,88,3.22
114,saldanha,za,-33.01,17.94,57.2,87,0,2.24
115,linchuan,cn,27.87,116.18,,,,
116,morros,br,-9.45,-46.3,70.87,96,24,2.71
117,iqaluit,ca,63.75,-68.51,12.2,72,40,2.24
118,boende,cd,-0.22,20.87,70.15,99,68,2.37
119,kruisfontein,za,-34.0,24.73,63.63,96,88,5.61
120,assis,br,-22.66,-50.41,72,69,32,13.4
121,derbent,ru,42.07,48.29,25.87,84,32,2.77
122,tuktoyaktuk,ca,69.45,-133.04,6.8,92,90,12.75
123,sayat,tm,38.78,63.88,26.6,79,5,6.93
124,adrar,dz,27.87,-0.29,53.6,45,0,11.41
125,carnarvon,au,-24.87,113.63,81.22,66,80,9.86
126,burgos,es,42.35,-3.7,32.71,99,92,7.92
127,evensk,ru,61.95,159.23,16.2,100,68,21.68
128,thompson,ca,55.74,-97.86,10.4,85,75,2.24
129,chagda,ru,59.21,129.8,,,,
130,nanortalik,gl,60.14,-45.24,33.34,91,88,9.15
131,kapaa,us,22.08,-159.32,74.5,94,75,21.92
132,ponta do sol,cv,17.2,-25.09,77.85,98,12,16.69
133,pinega,ru,64.7,43.39,28.84,79,92,9.64
134,nuzvid,in,16.78,80.85,71.6,78,20,11.16
135,villa corzo,mx,16.17,-93.25,68,77,20,8.05
136,haibowan,cn,40.78,105.39,,,,
137,mount gambier,au,-37.83,140.77,62.59,65,56,11.39
138,russell,nz,-31.87,176.99,,,,
139,lahij,ye,13.06,44.88,55.21,75,0,3.11
140,ilulissat,gl,69.22,-51.1,28.4,58,64,19.46
141,katy,us,29.79,-95.82,56.08,87,1,5.82
142,puerto ayora,ec,-0.74,-90.35,69.97,98,12,10.65
143,ocampo,mx,21.65,-101.5,39.64,75,0,4.23
144,samusu,ws,-7.77,-160.84,,,,
145,tabiauea,ki,-2.27,169.16,,,,
146,nome,us,64.5,-165.41,24.8,100,90,32.21
147,katsuura,jp,35.13,140.3,48.2,98,75,6.93
148,kaitangata,nz,-83.59,178.93,,,,
149,biak,id,3.3,139.79,,,,
150,sobolevo,ru,55.86,155.57,,,,
151,tuatapere,nz,-46.13,167.68,66.55,69,20,18.43
152,makakilo city,us,21.35,-158.09,74.75,78,90,8.05
153,saint george,bm,32.38,-64.68,69.8,68,75,8.05
154,khatanga,ru,71.97,102.5,-13.42,63,92,3.22
155,mocambique,mz,-15.25,42.57,,,,
156,solnechnyy,ru,50.72,136.63,-10.58,53,0,3.78
157,passo fundo,br,-28.26,-52.41,69.8,83,0,11.41
158,nemuro,jp,43.32,145.57,28.4,39,40,11.41
159,kapoeta,sd,5.51,34.85,,,,
160,pemba,mz,-12.97,40.52,81.54,100,92,9.15
161,gat,ly,26.13,11.17,,,,
162,pisco,pe,-13.7,-76.22,64.4,88,0,16.11
163,mehamn,no,71.04,27.85,29.47,100,76,21.05
164,ponta delgada,pt,37.73,-25.67,66.2,82,40,10.29
165,burnie,au,-41.07,145.92,62.1,100,92,10.42
166,clyde river,ca,70.47,-68.59,17.6,92,90,2.24
167,mutsamudu,km,-9.29,46.22,,,,
168,ayan,ru,56.45,138.17,-20.08,100,0,11.95
169,shahr-e babak,ir,30.12,55.12,32.8,69,0,5.39
170,cape town,za,-33.93,18.42,60.8,87,0,4.7
171,husavik,is,66.04,-17.34,41,52,75,19.46
172,qandala,so,11.47,49.87,53.41,100,0,2.71
173,cherskiy,ru,68.75,161.3,-13.64,62,20,1.32
174,skalistyy,ru,72.46,33.57,,,,
175,alanya,tr,36.54,32.0,53.28,100,76,2.89
176,mazamari,pe,-11.33,-74.53,66.91,96,36,1.59
177,mimongo,ga,-1.62,11.61,69.7,97,80,2.33
178,hithadhoo,mv,-0.6,73.08,80.82,100,80,19.6
179,thoen,th,17.61,99.22,78.84,71,0,3.27
180,lagoa,pt,39.05,-27.98,66.19,98,68,23.91
181,fort saint john,ca,56.22,-121.01,,,,
182,bambous virieux,mu,-20.34,57.76,78.8,83,40,11.41
183,ixtapa,mx,20.7,-105.2,75.2,94,5,1.99
184,safaga,eg,26.73,34.3,,,,
185,eyl,so,7.98,49.82,73.84,100,0,15.3
186,grand centre,ca,57.88,-110.39,,,,
187,gushikawa,jp,26.35,127.87,65.07,93,90,16.11
188,zell am see,at,47.33,12.79,26.6,86,75,3.36
189,zhaotong,cn,27.32,103.72,39.69,98,80,1.32
190,kamaishi,jp,39.27,141.88,37.4,55,40,11.41
191,sao filipe,cv,14.9,-24.5,78.34,95,36,14.18
192,georgetown,sh,-7.93,-14.42,75.55,100,92,15.57
193,kodiak,us,57.79,-152.41,39.2,80,90,10.27
194,talcahuano,cl,-36.72,-73.12,55.4,76,0,12.75
195,bayan,kw,29.3,48.05,56.34,100,0,15.35
196,sao paulo de olivenca,br,-3.38,-68.87,81.09,83,24,1.99
197,margate,za,-30.86,30.37,69.79,91,48,2.82
198,sydney,au,-33.87,151.21,82.56,57,75,20.8
199,comodoro rivadavia,ar,-45.87,-67.5,53.6,87,20,19.55
200,ossora,ru,59.24,163.07,18.27,91,76,22.12
201,leningradskiy,ru,69.38,178.42,24.93,95,80,17.58
202,hilo,us,19.73,-155.09,67.35,88,75,10.29
203,la peca,pe,-5.61,-78.44,67.95,92,64,1.99
204,halalo,wf,-15.57,-179.84,,,,
205,sitka,us,57.05,-135.33,33.03,100,20,5.79
206,correntina,br,-13.34,-44.64,68.26,98,76,1.25
207,kodar,in,16.98,79.97,72.4,74,0,7.63
208,mount isa,au,-20.73,139.5,87.8,45,40,18.34
209,port lincoln,au,-34.73,135.87,61.83,93,44,17.87
210,antofagasta,cl,-23.65,-70.4,62.6,67,20,8.05
211,nikolskoye,ru,43.3,169.12,,,,
212,sinjah,sd,13.64,34.33,,,,
213,college,us,64.86,-147.8,3.04,84,90,3.56
214,kuche,cn,42.67,84.38,,,,
215,pangody,ru,65.85,74.49,14.62,84,80,10.65
216,pointe michel,dm,15.25,-61.38,81.76,92,88,14.29
217,igrim,ru,63.19,64.42,13.27,84,20,6.8
218,goure,ne,13.98,10.27,62.59,36,0,9.37
219,riyadh,sa,24.69,46.72,59,44,40,4.7
220,amderma,ru,88.09,66.59,,,,
221,belaya gora,ru,68.53,146.42,-4.6,67,68,5.01
222,ancud,cl,-41.87,-73.82,51.03,63,0,7.29
223,waddan,ly,29.16,16.14,49.05,50,0,4.12
224,teguldet,ru,57.31,88.17,6.12,74,64,2.26
225,aklavik,ca,68.22,-135.01,6.8,84,90,10.29
226,nova londrina,br,-22.77,-52.99,70.15,90,0,10.6
227,lorengau,pg,-2.02,147.27,85.77,97,68,14.45
228,okha,ru,53.57,142.95,-2.17,100,32,15.97
229,paamiut,gl,61.99,-49.67,34.42,95,92,22.35
230,broome,au,-17.97,122.23,96.8,34,24,8.05
231,pimenta bueno,br,-11.67,-61.19,76.54,90,8,3.22
232,tidore,id,-0.4,128.69,,,,
233,hamilton,bm,32.29,-64.78,69.8,68,75,8.05
234,trairi,br,-3.28,-39.27,80.19,100,88,20.71
235,abu samrah,qa,24.04,48.96,,,,
236,miandrivazo,mg,-19.52,45.47,67.59,95,20,2.82
237,chongoyape,pe,-6.64,-79.39,66.2,77,0,16.11
238,kieta,pg,-6.22,155.63,79.69,100,48,5.57
239,karpathos,gr,35.51,27.21,64.4,77,0,18.34
240,ibra,om,22.69,58.53,45.22,89,0,2.37
241,medina del campo,es,41.31,-4.91,23.4,81,0,8.14
242,palmito,co,9.33,-75.55,78.8,88,20,3.83
243,grand gaube,mu,-20.01,57.66,78.8,83,40,11.41
244,barentsburg,sj,87.41,7.94,,,,
245,saskylakh,ru,71.92,114.08,-10.13,71,76,9.64
246,okhotsk,ru,59.38,143.3,-22.46,100,20,9.26
247,saint-philippe,re,-21.36,55.77,81.45,54,0,2.24
248,longyearbyen,sj,78.22,15.64,24.8,79,75,13.87
249,grand river south east,mu,-21.3,67.45,,,,
250,namibe,ao,-15.2,12.15,69.34,100,48,2.33
251,half moon bay,us,37.46,-122.43,52.88,81,40,8.05
252,vila,vu,-15.18,173.93,,,,
253,cap malheureux,mu,-19.98,57.61,78.8,83,40,11.41
254,mangochi,mw,-14.48,35.26,61.2,99,36,1.99
255,yulara,au,-25.24,130.99,78.8,27,0,11.41
256,pontianak,id,-0.03,109.33,87.8,70,75,8.05
257,eau claire,us,44.81,-91.5,45.54,45,1,8.05
258,baie-comeau,ca,49.22,-68.15,31.23,63,75,4.7
259,sikandarabad,in,28.45,77.7,50,87,0,2.82
260,san policarpo,ph,12.18,125.51,83.34,93,76,10.09
261,zavetnoye,ru,47.12,43.89,31.14,90,80,16.8
262,zhuhai,cn,22.28,113.57,67.24,56,0,6.93
263,ambilobe,mg,-13.2,49.05,67.68,93,8,2.71
264,yambio,sd,4.11,27.45,,,,
265,zhigansk,ru,66.77,123.37,-28.31,45,36,4.27
266,labuan,my,5.33,115.2,88.79,74,75,3.36
267,listvyanka,ru,51.85,104.87,3.2,71,75,11.18
268,beloha,mg,-25.17,45.05,72.09,87,44,10.04
269,caravelas,br,-17.71,-39.25,80.37,96,80,18.14
270,tazovskiy,ru,67.47,78.7,16.02,90,88,5.84
271,ketchikan,us,55.34,-131.65,35.73,93,90,4.56
272,port elizabeth,za,-33.92,25.57,66.2,88,90,5.82
273,ulladulla,au,-35.35,150.47,68,72,75,33.33
274,henties bay,na,-24.23,3.15,,,,
275,inderborskiy,kz,49.32,52.36,,,,
276,ribeira grande,pt,38.52,-28.7,66.24,99,76,22.95
277,matay,eg,28.42,30.78,42.03,88,0,3.11
278,evanston,us,42.04,-87.69,36.72,64,20,6.93
279,fuerte olimpo,py,-21.04,-57.87,74.11,99,92,3.38
280,maunabo,us,16.4,-65.19,,,,
281,naryan-mar,ru,67.67,53.09,24.61,91,92,15.19
282,pachmarhi,in,22.47,78.43,61.29,49,8,7.14
283,cape canaveral,us,28.41,-80.6,67.26,93,1,4.7
284,altay,cn,47.87,88.12,-9.86,42,0,3.27
285,les cayes,ht,18.2,-73.75,79.74,100,0,4.23
286,bud,no,71.88,4.1,,,,
287,kierspe,de,51.13,7.58,29.61,100,20,2.24
288,mayo,ca,63.59,-135.9,1.4,84,90,4.7
289,pontian kecil,my,1.2,103.33,,,,
290,xining,cn,36.62,101.77,22.36,32,8,3.78
291,yenotayevka,ru,47.25,47.03,21.37,100,0,11.95
292,abong mbang,cm,3.98,13.18,70.29,80,48,1.48
293,suntar,ru,62.14,117.63,-22.87,33,56,6.62
294,kijang,id,0.9,104.63,84.46,97,12,4.9
295,ahipara,nz,-35.17,173.17,68.04,75,92,6.4
296,male,mv,4.17,73.51,84.2,74,75,17.22
297,kitimat,ca,54.05,-128.65,32,86,90,10.29
298,saint-joseph,re,-21.37,55.62,81.43,54,0,2.24
299,kongolo,cd,-5.38,27.0,68.13,95,20,2.04
300,guarapari,br,-20.67,-40.5,69.8,100,75,4.7
301,scottsbluff,us,41.87,-103.67,31.33,58,1,1.77
302,natal,br,-5.79,-35.21,75.2,94,75,11.41
303,manzhouli,cn,49.6,117.43,-0.55,82,56,4.12
304,pokhara,np,28.23,83.98,51.3,76,64,2.37
305,chingirlau,kz,51.09,54.08,11.2,66,64,4.12
306,muisne,ec,0.6,-80.03,72.72,76,64,5.12
307,ngukurr,au,-15.46,135.89,,,,
308,akyab,mm,18.71,91.53,,,,
309,dunedin,nz,-45.87,170.5,75.82,53,8,4.34
310,gamboma,cg,-1.88,15.86,64.98,96,32,3.04
311,banda aceh,id,5.56,95.32,76.9,100,88,4.05
312,genhe,cn,50.78,121.52,-15.89,63,12,4
313,puerto del rosario,es,28.5,-13.86,66.2,72,0,9.17
314,gorontalo,id,0.54,123.06,85.59,75,44,2.48
315,mocuba,mz,-18.05,39.11,,,,
316,tasiilaq,gl,65.61,-37.64,32,86,0,11.41
317,raga,sd,9.83,25.82,,,,
318,spring hill,us,28.48,-82.53,64.45,87,1,9.04
319,mattawa,ca,46.32,-78.7,32,95,75,9.17
320,klaksvik,fo,62.23,-6.59,46.4,100,88,33.33
321,tubruq,ly,33.06,24.1,,,,
322,bina-etawa,in,24.25,78.28,,,,
323,asau,tv,-10.81,176.78,,,,
324,kaeo,nz,-35.1,173.78,68.71,63,92,11.16
325,biltine,td,14.53,20.92,60.34,24,0,13.18
326,tevaitoa,pf,-16.78,-151.5,81.76,97,100,18.7
327,lufilufi,ws,-13.87,-171.6,87.8,70,75,11.41
328,yarmouth,ca,43.83,-66.12,41,80,20,11.41
329,chone,ec,-0.68,-80.1,73.4,83,90,5.82
330,fort nelson,ca,58.81,-122.7,5,92,5,3.36
331,airai,pw,11.33,141.26,,,,
332,lotte,de,52.28,7.92,30.2,100,75,2.24
333,soyo,ao,-7.73,10.54,,,,
334,sragen,id,-7.43,111.02,81.76,86,76,5.61
335,palmital,br,-22.79,-50.22,72,69,32,13.4
336,wausau,us,44.96,-89.63,42.57,52,90,11.41
337,kayerkan,ru,69.84,87.53,,,,
338,kaili,cn,26.68,107.49,,,,
339,kondoa,tz,-4.9,35.78,64.44,97,92,3.6
340,khonuu,ru,68.52,143.68,,,,
341,olga,ru,43.74,135.29,22.81,42,0,4.56
342,hobyo,so,5.35,48.53,75.37,89,0,11.77
343,okakarara,na,-20.58,17.43,65.11,33,0,8.08
344,wucheng,cn,29.6,118.17,48.78,78,68,3.38
345,horsham,au,-36.72,142.2,59.26,92,92,18.14
346,lasa,cn,30.23,90.02,,,,
347,abaete,br,-19.16,-45.45,65.52,97,44,4.27
348,cockburn harbour,tc,24.5,-71.51,,,,
349,alihe,cn,50.57,123.72,-5.68,53,0,3.56
350,severo-kurilsk,ru,50.68,156.12,25.92,100,12,21.56
351,dingle,ie,52.14,-10.27,47.92,100,92,7.36
352,warrington,us,30.38,-87.28,58.98,87,1,5.82
353,avera,pf,-21.38,-153.72,,,,
354,torbay,ca,47.67,-52.73,32,100,90,5.84
355,issoire,fr,45.55,3.25,32,91,90,10.29
356,mirnyy,ru,62.54,113.96,-27.14,41,56,6.02
357,nishihara,jp,26.18,127.76,65.07,93,90,16.11
358,mahebourg,mu,-20.41,57.7,75.2,88,75,3.36
359,fare,pf,-16.7,-151.02,81.76,97,100,18.7
360,caraballeda,ve,10.61,-66.85,78.8,83,40,10.31
361,nyrob,ru,60.73,56.72,20.92,89,32,10.83
362,sevierville,us,35.87,-83.56,46.29,100,90,2.55
363,hun,ly,29.13,15.95,49.05,50,0,4.12
364,buchanan,lr,5.88,-10.05,77,94,75,9.26
365,panaba,mx,21.28,-88.27,69.48,93,0,4.23
366,king city,us,36.21,-121.13,53.6,93,1,3.36
367,louisbourg,ca,38.75,-57.65,,,,
368,vila do maio,cv,15.13,-23.22,78.8,54,0,13.87
369,cairns,au,-16.92,145.77,87.8,66,75,11.41
370,dongsheng,cn,39.82,109.98,26.32,35,0,7.07
371,manokwari,id,-0.87,134.08,83.47,100,76,9.15
372,mackay,au,-21.15,149.2,78.8,78,90,11.41
373,isangel,vu,-19.55,169.27,77.62,100,92,10.6
374,ngunguru,nz,-35.62,174.5,65.47,94,68,12.88
375,cozumel,mx,20.21,-85.49,,,,
376,arman,ru,59.7,150.17,5,60,20,13.42
377,tolaga bay,nz,-38.37,178.3,70.02,48,8,16.35
378,minna,ng,9.61,6.56,74.07,34,0,13.11
379,ladyzhyn,ua,48.69,29.24,35.5,100,92,12.88
380,kerman,ir,30.28,57.08,28.4,46,0,4.7
381,rudnogorsk,ru,57.26,103.75,-10.13,68,64,5.91
382,palora,ec,-1.7,-77.93,61.92,95,12,1.99
383,provideniya,ru,64.38,-173.3,34.06,100,88,18.7
384,figeac,fr,44.6,2.03,28.96,92,90,10.29
385,rio gallegos,ar,-51.62,-69.22,53.6,46,0,13.87
386,elko,us,40.83,-115.76,35.6,74,1,4.7
387,bantou,cn,25.56,118.42,,,,
388,geraldton,au,-28.77,114.6,102.2,38,0,17.22
389,acapulco,mx,2.59,-107.55,,,,
390,shimoda,jp,34.67,138.95,51.8,57,40,16.11
391,bismil,tr,37.85,40.67,30.18,100,90,3.36
392,saint-georges,gf,6.06,-46.02,,,,
393,garowe,so,8.68,48.25,,,,
394,muhos,fi,64.75,26.17,28.4,92,68,8.05
395,bethel,us,41.37,-73.41,33.8,92,1,4.9
396,porto santo,pt,33.07,-16.34,64.4,68,40,14.99
397,port hardy,ca,50.7,-127.42,33.8,100,75,3.49
398,richards bay,za,-28.78,32.04,72.09,89,88,3.27
399,laguna,br,-28.48,-48.78,69.16,100,80,9.82
400,aiquile,bo,-18.2,-65.18,56.07,100,68,2.48
401,bilma,ne,18.69,12.92,51.12,58,48,2.89
402,jega,ng,12.22,4.38,65.02,32,0,9.42
403,leh,in,34.17,77.58,-5.81,76,76,1.88
404,sandpoint,us,48.28,-116.55,36.36,100,90,3.83
405,waipawa,nz,-41.41,175.52,71.6,60,0,25.28
406,manaure,co,11.78,-72.44,81.99,100,0,18.92
407,boa vista,br,2.82,-60.67,86,66,0,18.34
408,saint anthony,ca,54.66,-55.58,,,,
409,methoni,gr,36.82,21.7,64.4,72,75,13.87
410,petropavlovsk-kamchatskiy,ru,53.05,158.65,26.6,42,20,15.66
411,lata,sb,-7.37,168.55,,,,
412,nguiu,au,-11.22,128.82,,,,
413,uwayl,sd,8.48,27.5,,,,
414,plouzane,fr,48.38,-4.62,39.2,93,0,5.82
415,rocha,uy,-34.48,-54.33,62.77,77,32,12.88
416,tambovka,ru,50.1,128.05,-5.81,53,0,4.47
417,kiruna,se,67.86,20.23,21.2,85,0,6.93
418,vardo,no,70.37,31.11,33.16,100,68,32.01
419,salalah,om,17.02,54.09,69.8,49,0,1.12
420,baruun-urt,mn,46.68,113.28,6.16,65,0,12.55
421,qaqortoq,gl,60.72,-46.03,30.2,80,92,8.05
422,venezuela,cu,21.74,-78.8,76.45,86,44,14.07
423,bababe,mr,16.25,-13.84,,,,
424,candolim,in,15.52,73.76,80.1,94,36,11.65
425,kjollefjord,no,70.95,27.35,29.47,100,76,21.05
426,marcona,pe,-21.11,-81.62,,,,
427,conde,br,-7.26,-34.91,78.8,74,20,6.93
428,bayir,jo,30.3,37.68,,,,
429,karasburg,na,-28.02,18.75,54.9,39,0,4.05
430,suleja,ng,9.18,7.18,72,33,8,10.04
431,pantai remis,my,4.46,100.63,79.61,88,75,2.24
432,matagami,ca,49.75,-77.63,24.8,85,90,4.7
433,kaniama,cd,-7.57,24.18,65.25,97,24,2.26
434,pont-a-mousson,fr,48.91,6.06,30.79,86,0,6.93
435,burgeo,ca,47.62,-57.62,39.42,100,44,11.54
436,la cruz,mx,23.92,-106.9,69.48,95,0,2.59
437,arona,es,28.1,-16.68,63.66,82,75,2.24
438,muyezerskiy,ru,63.93,31.65,26.95,96,88,2.55
439,georgiyevka,kz,43.04,74.71,25.83,93,92,3
440,coihaique,cl,-45.58,-72.07,53.6,66,0,2.24
441,kahului,us,20.89,-156.47,74.48,74,40,18.34
442,dubti,et,11.74,41.09,53.86,78,0,1.7
443,bolungarvik,is,67.73,-25.72,,,,
444,nuuk,gl,64.18,-51.72,33.8,80,88,40.26
445,mahajanga,mg,-15.72,46.32,78.8,88,20,3.36
446,chifeng,cn,42.27,118.96,30.46,36,0,9.64
447,dauphin,ca,51.15,-100.05,24.8,79,1,11.41
448,arkhara,ru,49.42,130.08,-5.54,56,8,3.6
449,pacific grove,us,36.62,-121.92,52.23,93,75,3.36
450,banyuwangi,id,-8.23,114.36,84.37,83,48,3.04
451,vestmanna,fo,62.16,-7.17,46.4,100,92,33.33
452,izhma,ru,65.01,53.91,23.85,79,92,8.93
453,zhangjiakou,cn,40.81,114.88,25.2,38,0,3.83
454,kupang,id,-10.17,123.58,87.8,66,40,5.82
455,muravlenko,ru,63.79,74.52,15.39,87,76,10.6
456,guerrero negro,mx,27.98,-114.06,64.3,95,80,7.58
457,vao,nc,-22.67,167.48,73.3,100,92,16.91
458,teya,ru,60.38,92.63,0.18,84,80,3.27
459,wahpeton,us,46.27,-96.61,28.4,79,1,4.7
460,zaragoza,mx,28.48,-100.92,59.94,84,0,7.25
461,koumac,nc,-20.57,164.28,77.58,85,92,7.52
462,monrovia,lr,6.3,-10.8,77,94,75,15.9
463,bontang,id,0.13,117.5,84.37,97,20,3.56
464,bathsheba,bb,13.22,-59.52,80.6,83,40,14.99
465,sjenica,rs,42.96,19.93,,,,
466,jinchengjiang,cn,24.62,107.64,,,,
467,luau,ao,-10.71,22.22,66.1,97,92,2.59
468,tias,es,28.96,-13.65,66.2,72,0,9.17
469,seguela,ci,7.96,-6.67,67.9,93,0,3.89
470,anadyr,ru,64.75,177.48,23,85,90,26.84
471,sept-iles,ca,50.2,-66.38,28.4,79,90,5.82
472,bafq,ir,31.61,55.41,39.01,66,100,2.71
473,sandwick,gb,60.0,-1.25,48.2,93,92,21.92
474,yefira,gr,36.77,23.63,,,,
475,olinda,br,-8.01,-34.86,78.8,78,40,5.82
476,inuvik,ca,68.35,-133.72,3.78,84,90,10.29
477,santa catarina de tepehuanes,mx,25.35,-105.73,43.87,65,0,0.98
478,faya,td,20.96,23.98,,,,
479,itapissuma,br,-7.78,-34.89,78.8,78,40,5.82
480,the valley,ai,18.22,-63.06,76.5,100,80,4.23
481,rockland,us,42.13,-70.92,38.93,60,1,6.93
482,luang prabang,la,20.1,102.35,,,,
483,mayumba,ga,-3.43,10.66,76.32,100,92,2.59
484,roskovec,al,40.74,19.7,46.39,99,88,2.55
485,wewak,pg,-3.55,143.63,78.52,98,76,2.55
486,ostrovnoy,ru,68.05,39.51,25.65,95,92,11.83
487,cauquenes,cl,-35.97,-72.32,53.28,88,0,4.5
488,alice springs,au,-23.7,133.88,77,38,0,12.75
489,thohoyandou,za,-22.95,30.48,61.92,74,0,2.59
490,luderitz,na,-26.65,15.16,55.4,93,88,3.36
491,nyurba,ru,63.28,118.33,-23.95,35,56,5.79
492,jiayuguan,cn,39.82,98.3,18.72,36,32,2.1
493,terrace,ca,54.52,-128.6,32,78,90,10.29
494,san vicente,ph,15.3,120.65,86.43,70,75,3.36
495,colares,pt,38.8,-9.45,46.4,75,0,8.05
496,tabou,ci,4.42,-7.35,82.57,98,48,9.42
497,norman wells,ca,65.28,-126.83,-5.81,76,75,2.55
498,pionki,pl,51.48,21.45,33.48,100,88,7.02
499,salisbury,us,35.67,-80.47,55.6,58,40,5.82
